text,intent
Submitting false medical claims or certificates as misconduct,misconduct
Conduct unbecoming of a public servant under Rule 4,general_conduct
Can a retired officer be appointed as Inquiry Officer?,disciplinary_procedure
"Exit chat, thank you",goodbye
What are the best tourist places in India?,out_of_scope
Obligations regarding official secrecy and confidential reports,general_conduct
When can dismissal be imposed on an employee?,major_penalty
Can an employee publish books or participate in radio or television broadcasts?,general_conduct
"Thank you for the detailed answer, bye",goodbye
Explain photosynthesis in plants.,out_of_scope
Stay of execution of penalty during pendency of appeal,appeal_procedure
Does dismissal forfeit past service of an executive?,major_penalty
What is the definition of Appointing Authority?,clarification_general
What are the duties and obligations of executives?,general_conduct
What constitutes misconduct under BCCL CDA Rules?,misconduct
Withholding of efficiency bar or grade increment,minor_penalty
Can personal hearing be granted by Appellate Authority?,appeal_procedure
How should witnesses be examined and cross-examined in an inquiry?,disciplinary_procedure
"Hi, glad to connect",greeting
What are the rights of an employee facing inquiry?,disciplinary_procedure
Code of conduct and ethical obligations of Coal India executives,general_conduct
What is the difference between warning and censure?,minor_penalty
What is the subsistence allowance during suspension?,suspension
Can an employee engage in private trade without permission?,misconduct
Who has the authority to suspend an employee?,suspension
Procedure when Appellate Authority proposes to enhance penalty,appeal_procedure
Greetings assistant,greeting
Tell me about Rule 5 regarding misconduct.,misconduct
Who is the Appellate Authority under BCCL CDA Rules?,appeal_procedure
Statutory sanctions and major penalty list,major_penalty
Integrity obligations under Chapter II of CDA Rules,general_conduct
Hello BCCL portal,greeting
Can an employee accept gifts from contractors or suppliers?,general_conduct
"Thank you, talk to you later",goodbye
Unbecoming conduct of a public sector employee,misconduct
Is dismissal from service a major penalty?,major_penalty
Can you give me a recipe for pancakes?,out_of_scope
Grounds for awarding dismissal from service in Coal India,major_penalty
Who won the cricket match yesterday?,out_of_scope
Appeal procedure under Chapter IV of BCCL CDA Rules,appeal_procedure
Can increments be withheld as a minor penalty?,minor_penalty
Withholding of increments of pay for a specific duration,minor_penalty
Can an employee be reduced in rank as a major penalty?,major_penalty
Tell me a joke.,out_of_scope
Procedure for framing charge sheet under Rule 29,disciplinary_procedure
Is theft or fraud considered misconduct?,misconduct
Can BCCL officers join political parties or contest elections?,general_conduct
What are the minor penalties under BCCL rules?,minor_penalty
Hello,greeting
Good evening,greeting
Overview of chapters in Coal India CDA manual,clarification_general
Hi BCCL Assistant,greeting
Restrictions on borrowing and lending money with subordinates or contractors,general_conduct
Restrictions on private investments and commercial speculations,general_conduct
Can recovery of whole loss be ordered under minor penalty?,minor_penalty
Spreading rumors or instigating strikes in colliery premises,misconduct
What are the rules regarding appeals in BCCL?,appeal_procedure
Okay bye,goodbye
Where is Mount Everest located?,out_of_scope
That is all for today,goodbye
When can an employee be suspended in BCCL?,suspension
Is an employee allowed outside headquarters during suspension?,suspension
Can a minor penalty be imposed without an inquiry?,minor_penalty
Treatment of period of suspension after reinstatement,suspension
What are the general conduct rules for BCCL executives?,general_conduct
Rules on communication of official information to media,general_conduct
"Thank you very much, goodbye",goodbye
Hello there,greeting
What is meant by Competent Authority in Coal India?,clarification_general
Distinction between minor and major penalties under Rule 27,major_penalty
Is suspension considered a formal penalty?,suspension
Requirement of prior sanction for foreign travel or visiting foreign countries,general_conduct
Procedure for imposing minor penalties on executives,minor_penalty
Is a formal inquiry mandatory for minor penalties?,minor_penalty
Official procedure for issuing suspension order in BCCL,suspension
Can an executive be an office bearer in political organizations?,general_conduct
"Hi, is anyone there?",greeting
Are employees required to maintain absolute integrity and devotion to duty?,general_conduct
How many continents are there in the world?,out_of_scope
"That will be all, thanks",goodbye
Standards of conduct expected of public sector managers,general_conduct
What is the plot of Inception movie?,out_of_scope
What is the effective date of the amended CDA Rules 2006?,clarification_general
Intoxication or disorderly behavior on duty hours,misconduct
Does removal from service disqualify an employee from future government jobs?,major_penalty
Transmission of appeal through proper channel to appellate body,appeal_procedure
Who is the reviewing authority in BCCL?,appeal_procedure
What happens if an appeal is filed beyond the 45-day deadline?,appeal_procedure
What does Company mean in BCCL CDA Rules 1978?,clarification_general
Procedure when charged officer admits misconduct in writing,disciplinary_procedure
Breach of mine safety regulations and employee misconduct,misconduct
Farewell,goodbye
"Signing off, bye",goodbye
Can a major penalty be imposed without a formal inquiry?,major_penalty
Difference between compulsory retirement and voluntary retirement,major_penalty
Hello can you answer questions regarding Coal India rules?,greeting
Which authority is competent to impose major penalties?,major_penalty
Minor penalties list according to Coal India executives CDA rules,minor_penalty
Can an employee file review petition if appeal is rejected?,appeal_procedure
Who is the president of the United States?,out_of_scope
Can disciplinary authority issue censure after calling for explanation?,minor_penalty
Can the penalty be reduced or remitted on appeal?,appeal_procedure
Is sleeping while on duty a misconduct in mining areas?,misconduct
Definitions clause Rule 3 of BCCL CDA Rules,clarification_general
Difference in procedure between major and minor penalties,disciplinary_procedure
Is taking bribes or illegal gratification misconduct in BCCL?,misconduct
Can a charged employee engage a defense assistant or lawyer?,disciplinary_procedure
"All done for now, goodbye",goodbye
"That was very helpful, bye",goodbye
Can you help me solve a calculus problem?,out_of_scope
Is habitual late attendance considered misconduct?,misconduct
Rules on consumption of intoxicating drinks and drugs while on duty,general_conduct
See you later,goodbye
What should be the form and contents of an appeal petition?,appeal_procedure
How is deemed suspension defined under BCCL CDA Rules?,suspension
Hello assistant,greeting
Hello how are you?,greeting
Right of defense to produce defense witnesses and defense documents,disciplinary_procedure
What happens if an employee is arrested for more than 48 hours?,suspension
Who won the FIFA World Cup in 2022?,out_of_scope
Bye for now,goodbye
Guidelines on subsistence allowance if inquiry is delayed by management,suspension
Hi can you help me with BCCL rules?,greeting
Unauthorized absence from work without leave application,misconduct
Can an employee appeal against suspension order?,appeal_procedure
Is an employee required to submit annual property returns?,general_conduct
Who is considered an Executive under these rules?,clarification_general
Procedure for supply of copies of relied upon documents to charged official,disciplinary_procedure
How do I cook biryani?,out_of_scope
Rules governing deemed suspension of officers,suspension
Reduction to a lower time-scale of pay with loss of seniority,major_penalty
What explanation must be sought before issuing minor penalty?,minor_penalty
"Hello, I am an employee at BCCL",greeting
Preponderance of probability in departmental proceedings,disciplinary_procedure
How do I bake a chocolate cake?,out_of_scope
Tell me about withholding of promotion as a minor penalty.,minor_penalty
Can an employee appeal against a minor penalty like censure?,minor_penalty
What is the responsibility of supervisory staff for subordinates' integrity?,general_conduct
Have a nice day ahead,goodbye
"No further questions, thanks",goodbye
Can a suspension order be modified or revoked?,suspension
What is the stock price of Apple today?,out_of_scope
Tell me about Rule 4 general conduct and integrity.,general_conduct
Can an appeal be submitted after 45 days?,appeal_procedure
What is the title and commencement date of BCCL CDA Rules?,clarification_general
Requirement of statement of imputations in support of each charge,disciplinary_procedure
Subsistence allowance reduction rules if employee delays inquiry,suspension
Who appoints the Inquiry Officer in BCCL?,disciplinary_procedure
Tell me about Rule 34 appeals.,appeal_procedure
Standard of proof required in BCCL departmental disciplinary inquiries,disciplinary_procedure
Disclosing confidential BCCL documents without authority,misconduct
Can CDA rules be amended and by whom?,clarification_general
Are non-executives or daily rated workmen covered under CDA Rules?,clarification_general
How many days does an employee get to submit written statement of defense?,disciplinary_procedure
Is withholding of promotion a major or minor penalty?,major_penalty
Distinction between advisory memo and minor penalty censure,minor_penalty
How do I train a dog to sit?,out_of_scope
What is the difference between removal and dismissal from service?,major_penalty
What punishments are classified as minor under Rule 27?,minor_penalty
Major penalty provisions under BCCL Conduct Discipline and Appeal Rules,major_penalty
Recovery of financial loss caused by negligence,minor_penalty
"Thank you so much, bye",goodbye
Legal framework governing discipline in Bharat Coking Coal Limited,clarification_general
Hi there,greeting
Is damage to company property considered misconduct?,misconduct
"Thanks for your help, goodbye",goodbye
What are the consequences of insubordination?,misconduct
Service of charge sheet on absconding or non-responsive employee,disciplinary_procedure
Daily order sheet maintenance during departmental inquiry,disciplinary_procedure
Applicability of rules to executives transferred between CIL subsidiaries,clarification_general
What is the limitation period for filing an appeal?,appeal_procedure
What percentage of basic pay is paid as subsistence allowance?,suspension
Rules regarding employment of near relatives in private firms,general_conduct
Time limit to reply to minor penalty show-cause notice,minor_penalty
Can censure affect promotion prospects in BCCL?,minor_penalty
Good morning,greeting
Can an employee participate in political demonstrations?,misconduct
"Thanks, closing now",goodbye
Can an employee take other employment while on suspension?,suspension
"I have got all the information, thank you",goodbye
Does the Chairman CIL have powers to issue administrative instructions?,clarification_general
Are retired employees subject to any provisions of CDA rules?,clarification_general
Hello team,greeting
Goodbye assistant,goodbye
Where should an appeal be addressed and submitted?,appeal_procedure
Hey there can you help me today?,greeting
What is the procedure for imposing major penalties?,disciplinary_procedure
Does the appointing authority alone have the power to suspend?,suspension
Can an executive hold private agency or commercial interests?,misconduct
How can an employee appeal against a penalty order?,appeal_procedure
Rules for completing departmental inquiry within stipulated timeframe,disciplinary_procedure
What is the capital of France?,out_of_scope
Who is defined as Disciplinary Authority under BCCL rules?,clarification_general
Can an appeal petition contain disrespectful or improper language?,appeal_procedure
What are the most severe punishments under BCCL rules?,major_penalty
Can subsistence allowance be increased after 6 months of suspension?,suspension
How is a disciplinary inquiry conducted in BCCL?,disciplinary_procedure
How does an internal combustion engine work?,out_of_scope
Can you write a poem about the sunrise?,out_of_scope
Good evening assistant,greeting
What are the chapters contained in the CDA Rules manual?,clarification_general
Catch you later,goodbye
Do CDA rules apply to probationers or temporary executives?,clarification_general
Under what circumstances can suspension be imposed?,suspension
Can you write a resume for software engineering?,out_of_scope
Which rules govern non-executive workers and miners?,clarification_general
Requirement of giving reasonable opportunity before enhancing penalty,appeal_procedure
Is speculation in stocks or shares permitted under BCCL conduct rules?,misconduct
Time limit for submitting representation against inquiry report,disciplinary_procedure
Good day,greeting
What is the definition of Board of Directors in BCCL?,clarification_general
Is withholding of promotion for 1 year a minor penalty?,minor_penalty
To whom do the BCCL CDA Rules apply?,clarification_general
Hi I need some information,greeting
Procedure for placing a public servant under suspension in BCCL,suspension
Hey,greeting
Neglect of work and gross negligence in mining operations,misconduct
Can you write a Python script for binary search?,out_of_scope
Prohibition against taking part in politics and elections,misconduct
What certificates must a suspended employee furnish to claim subsistence allowance?,suspension
Period of suspension review guidelines,suspension
Can pay scale be reduced to a lower stage as a major penalty?,major_penalty
What is the rules of chess?,out_of_scope
Consequences of dismissal on pension and gratuity benefits,major_penalty
Removal from service criteria in disciplinary proceedings,major_penalty
List all major penalties applicable to executives.,major_penalty
Withholding of increments without cumulative effect,minor_penalty
Can Disciplinary Authority disagree with Inquiry Officer findings?,disciplinary_procedure
Consideration of appeal: matters to be considered by Appellate Authority,appeal_procedure
What does compulsory retirement mean as a major penalty?,major_penalty
How are officers on deputation from other PSU or government treated?,clarification_general
